elev,perc
0.000,0.000
0.010,0.000
0.020,0.000
0.030,0.000
0.040,0.000
0.050,0.000
0.060,0.000
0.070,0.000
0.080,0.000
0.090,0.000
0.100,0.000
0.110,0.000
0.120,0.000
0.130,0.000
0.140,0.000
0.150,0.000
0.160,0.000
0.170,0.000
0.180,0.000
0.190,0.000
0.200,0.000
0.210,0.000
0.220,0.000
0.230,0.000
0.240,0.000
0.250,0.000
0.260,0.000
0.270,0.000
0.280,0.000
0.290,0.000
0.300,0.000
0.310,0.000
0.320,0.000
0.330,0.000
0.340,0.000
0.350,0.000
0.360,0.000
0.370,0.000
0.380,0.000
0.390,0.000
0.400,0.000
0.410,0.000
0.420,0.000
0.430,0.000
0.440,0.000
0.450,0.000
0.460,0.000
0.470,0.000
0.480,0.000
0.490,0.000
0.500,0.000
0.510,0.400
0.520,0.800
0.530,1.200
0.540,1.600
0.550,2.000
0.560,2.400
0.570,2.800
0.580,3.200
0.590,3.600
0.600,4.000
0.610,4.400
0.620,4.800
0.630,5.200
0.640,5.600
0.650,6.000
0.660,6.400
0.670,6.400
0.680,6.400
0.690,6.400
0.700,6.400
0.710,6.400
0.720,6.400
0.730,6.400
0.740,6.400
0.750,6.400
0.760,6.400
0.770,6.400
0.780,6.400
0.790,6.400
0.800,6.400
0.810,6.400
0.820,6.400
0.830,6.400
0.840,6.400
0.850,6.400
0.860,6.400
0.870,6.400
0.880,6.400
0.890,6.400
0.900,6.400
0.910,6.400
0.920,6.400
0.930,6.800
0.940,7.200
0.950,7.600
0.960,8.000
0.970,8.400
0.980,8.800
0.990,9.200
1.000,9.200
1.010,9.200
1.020,9.200
1.030,9.200
1.040,9.200
1.050,9.200
1.060,9.200
1.070,9.200
1.080,9.200
1.090,9.200
1.100,9.200
1.110,9.200
1.120,9.200
1.130,9.200
1.140,9.200
1.150,9.200
1.160,9.200
1.170,9.200
1.180,9.200
1.190,9.200
1.200,9.200
1.210,9.200
1.220,9.200
1.230,9.200
1.240,9.200
1.250,9.200
1.260,9.200
1.270,9.200
1.280,9.200
1.290,9.200
1.300,9.200
1.310,9.200
1.320,9.200
1.330,9.200
1.340,9.200
1.350,9.200
1.360,9.600
1.370,10.000
1.380,10.400
1.390,10.800
1.400,11.200
1.410,11.600
1.420,12.000
1.430,12.400
1.440,12.800
1.450,13.200
1.460,13.600
1.470,14.000
1.480,14.400
1.490,14.800
1.500,15.200
1.510,15.600
1.520,16.000
1.530,16.400
1.540,16.800
1.550,17.200
1.560,17.600
1.570,18.000
1.580,18.400
1.590,18.800
1.600,19.200
1.610,19.600
1.620,20.000
1.630,20.400
1.640,20.800
1.650,21.200
1.660,21.600
1.670,22.000
1.680,22.400
1.690,22.400
1.700,22.400
1.710,22.400
1.720,22.400
1.730,22.400
1.740,22.400
1.750,22.400
1.760,22.400
1.770,22.400
1.780,22.400
1.790,22.400
1.800,22.800
1.810,23.200
1.820,23.600
1.830,24.000
1.840,24.400
1.850,24.800
1.860,25.200
1.870,25.600
1.880,26.000
1.890,26.400
1.900,26.800
1.910,27.200
1.920,27.600
1.930,28.000
1.940,28.400
1.950,28.800
1.960,29.200
1.970,29.600
1.980,30.000
1.990,30.400
2.000,30.800
2.010,31.200
2.020,31.600
2.030,32.000
2.040,32.400
2.050,32.800
2.060,33.200
2.070,33.600
2.080,34.000
2.090,34.400
2.100,34.800
2.110,35.200
2.120,35.600
2.130,36.000
2.140,36.400
2.150,36.800
2.160,37.200
2.170,37.600
2.180,38.000
2.190,38.400
2.200,38.800
2.210,39.200
2.220,39.600
2.230,40.000
2.240,40.400
2.250,40.800
2.260,41.200
2.270,41.600
2.280,42.000
2.290,42.400
2.300,42.800
2.310,43.200
2.320,43.600
2.330,44.000
2.340,44.400
2.350,44.800
2.360,45.200
2.370,45.600
2.380,46.000
2.390,46.400
2.400,46.800
2.410,47.200
2.420,47.600
2.430,48.000
2.440,48.400
2.450,48.800
2.460,49.200
2.470,49.600
2.480,50.000
2.490,50.400
2.500,50.800
2.510,51.200
2.520,51.600
2.530,52.000
2.540,52.400
2.550,52.800
2.560,53.200
2.570,53.600
2.580,54.000
2.590,54.400
2.600,54.800
2.610,55.200
2.620,55.600
2.630,56.000
2.640,56.400
2.650,56.800
2.660,57.200
2.670,57.600
2.680,58.000
2.690,58.400
2.700,58.800
2.710,59.200
2.720,59.600
2.730,60.000
2.740,60.400
2.750,60.800
2.760,61.200
2.770,61.600
2.780,62.000
2.790,62.400
2.800,62.800
2.810,63.200
2.820,63.600
2.830,64.000
2.840,64.400
2.850,64.800
2.860,65.200
2.870,65.600
2.880,66.000
2.890,66.400
2.900,66.800
2.910,67.200
2.920,67.600
2.930,68.000
2.940,68.400
2.950,68.800
2.960,69.200
2.970,69.600
2.980,70.000
2.990,70.400
3.000,70.800
3.010,70.800
3.020,70.800
3.030,70.800
3.040,70.800
3.050,70.800
3.060,70.800
3.070,70.800
3.080,70.800
3.090,70.800
3.100,70.800
3.110,70.800
3.120,70.800
3.130,70.800
3.140,70.800
3.150,70.800
3.160,70.800
3.170,71.200
3.180,71.600
3.190,72.000
3.200,72.400
3.210,72.800
3.220,73.200
3.230,73.600
3.240,74.000
3.250,74.400
3.260,74.800
3.270,75.200
3.280,75.600
3.290,76.000
3.300,76.400
3.310,76.800
3.320,77.200
3.330,77.600
3.340,78.000
3.350,78.400
3.360,78.800
3.370,79.200
3.380,79.600
3.390,80.000
3.400,80.400
3.410,80.800
3.420,81.200
3.430,81.200
3.440,81.200
3.450,81.200
3.460,81.200
3.470,81.200
3.480,81.200
3.490,81.200
3.500,81.600
3.510,82.000
3.520,82.400
3.530,82.800
3.540,83.200
3.550,83.600
3.560,84.000
3.570,84.400
3.580,84.800
3.590,85.200
3.600,85.600
3.610,86.000
3.620,86.400
3.630,86.800
3.640,87.200
3.650,87.600
3.660,88.000
3.670,88.400
3.680,88.400
3.690,88.400
3.700,88.400
3.710,88.400
3.720,88.400
3.730,88.400
3.740,88.400
3.750,88.400
3.760,88.400
3.770,88.400
3.780,88.400
3.790,88.400
3.800,88.400
3.810,88.400
3.820,88.400
3.830,88.400
3.840,88.400
3.850,88.400
3.860,88.000
3.870,87.600
3.880,87.200
3.890,86.800
3.900,86.400
3.910,86.000
3.920,85.600
3.930,85.200
3.940,84.800
3.950,84.400
3.960,84.000
3.970,83.600
3.980,83.200
3.990,82.800
4.000,82.400
4.010,82.400
4.020,82.400
4.030,82.400
4.040,82.400
4.050,82.400
4.060,82.400
4.070,82.000
4.080,81.600
4.090,81.200
4.100,80.800
4.110,80.400
4.120,80.000
4.130,79.600
4.140,79.200
4.150,78.800
4.160,78.400
4.170,78.000
4.180,77.600
4.190,77.600
4.200,77.600
4.210,77.600
4.220,77.600
4.230,77.600
4.240,77.600
4.250,77.600
4.260,77.600
4.270,77.600
4.280,77.600
4.290,77.600
4.300,77.200
4.310,76.800
4.320,76.400
4.330,76.000
4.340,75.600
4.350,75.200
4.360,74.800
4.370,74.400
4.380,74.000
4.390,73.600
4.400,73.200
4.410,72.800
4.420,72.400
4.430,72.000
4.440,71.600
4.450,71.200
4.460,70.800
4.470,70.400
4.480,70.000
4.490,69.600
4.500,69.200
4.510,68.800
4.520,68.400
4.530,68.000
4.540,67.600
4.550,67.200
4.560,66.800
4.570,66.400
4.580,66.000
4.590,65.600
4.600,65.200
4.610,64.800
4.620,64.400
4.630,64.000
4.640,63.600
4.650,63.200
4.660,62.800
4.670,62.400
4.680,62.000
4.690,61.600
4.700,61.200
4.710,61.200
4.720,61.200
4.730,61.200
4.740,61.200
4.750,61.200
4.760,61.200
4.770,60.800
4.780,60.400
4.790,60.000
4.800,59.600
4.810,59.200
4.820,58.800
4.830,58.400
4.840,58.000
4.850,57.600
4.860,57.200
4.870,56.800
4.880,56.400
4.890,56.000
4.900,55.600
4.910,55.200
4.920,54.800
4.930,54.400
4.940,54.000
4.950,53.600
4.960,53.200
4.970,52.800
4.980,52.400
4.990,52.000
5.000,51.600
5.010,51.200
5.020,50.800
5.030,50.400
5.040,50.000
5.050,49.600
5.060,49.200
5.070,48.800
5.080,48.400
5.090,48.000
5.100,47.600
5.110,47.200
5.120,46.800
5.130,46.400
5.140,46.000
5.150,45.600
5.160,45.200
5.170,44.800
5.180,44.400
5.190,44.000
5.200,43.600
5.210,43.200
5.220,42.800
5.230,42.400
5.240,42.000
5.250,41.600
5.260,41.200
5.270,40.800
5.280,40.400
5.290,40.000
5.300,39.600
5.310,39.200
5.320,38.800
5.330,38.400
5.340,38.000
5.350,37.600
5.360,37.200
5.370,36.800
5.380,36.400
5.390,36.000
5.400,35.600
5.410,35.200
5.420,34.800
5.430,34.400
5.440,34.000
5.450,33.600
5.460,33.200
5.470,32.800
5.480,32.400
5.490,32.000
5.500,31.600
5.510,31.200
5.520,30.800
5.530,30.400
5.540,30.000
5.550,29.600
5.560,29.200
5.570,28.800
5.580,28.400
5.590,28.000
5.600,27.600
5.610,27.200
5.620,26.800
5.630,26.400
5.640,26.000
5.650,25.600
5.660,25.200
5.670,24.800
5.680,24.400
5.690,24.000
5.700,23.600
5.710,23.200
5.720,22.800
5.730,22.400
5.740,22.000
5.750,21.600
5.760,21.200
5.770,20.800
5.780,20.400
5.790,20.000
5.800,19.600
5.810,19.200
5.820,18.800
5.830,18.400
5.840,18.000
5.850,17.600
5.860,17.200
5.870,16.800
5.880,16.400
5.890,16.000
5.900,15.600
5.910,15.200
5.920,14.800
5.930,14.400
5.940,14.000
5.950,13.600
5.960,13.200
5.970,12.800
5.980,12.400
5.990,12.000
6.000,11.600
6.010,11.200
6.020,10.800
6.030,10.400
6.040,10.000
6.050,9.600
6.060,9.200
6.070,8.800
6.080,8.400
6.090,8.000
6.100,7.600
6.110,7.200
6.120,6.800
6.130,6.400
6.140,6.000
6.150,5.600
6.160,5.200
6.170,4.800
6.180,4.800
6.190,4.800
6.200,4.800
6.210,4.800
6.220,4.800
6.230,4.800
6.240,4.800
6.250,5.200
6.260,5.600
6.270,6.000
6.280,6.400
6.290,6.800
6.300,7.200
6.310,7.200
6.320,7.200
6.330,7.200
6.340,7.200
6.350,7.200
6.360,7.200
6.370,7.200
6.380,7.200
6.390,7.200
6.400,7.200
6.410,7.200
6.420,7.200
6.430,7.200
6.440,7.200
6.450,7.200
6.460,7.200
6.470,7.200
6.480,7.200
6.490,7.200
6.500,7.200
6.510,6.800
6.520,6.400
6.530,6.000
6.540,5.600
6.550,5.200
6.560,4.800
6.570,4.800
6.580,4.800
6.590,4.800
6.600,4.800
6.610,4.800
6.620,4.800
6.630,4.800
6.640,4.800
6.650,4.800
6.660,4.800
6.670,4.800
6.680,4.800
6.690,4.800
6.700,4.800
6.710,4.800
6.720,4.800
6.730,4.800
6.740,4.800
6.750,4.800
6.760,4.800
6.770,4.800
6.780,4.800
6.790,4.800
6.800,4.800
6.810,4.800
6.820,4.800
6.830,4.800
6.840,4.800
6.850,4.800
6.860,4.800
6.870,4.800
6.880,4.800
6.890,4.800
6.900,4.800
6.910,4.800
6.920,4.800
6.930,4.800
6.940,4.800
6.950,4.800
6.960,4.800
6.970,4.800
6.980,4.800
6.990,4.800
7.000,4.800
7.010,4.800
7.020,4.800
7.030,4.800
7.040,4.800
7.050,4.800
7.060,4.800
7.070,4.800
7.080,4.800
7.090,4.800
7.100,4.800
7.110,4.800
7.120,4.800
7.130,4.800
7.140,4.800
7.150,4.800
7.160,4.800
7.170,4.800
7.180,4.800
7.190,4.800
7.200,4.800
7.210,4.400
7.220,4.000
7.230,3.600
7.240,3.200
7.250,2.800
7.260,2.400
7.270,2.400
7.280,2.400
7.290,2.400
7.300,2.400
7.310,2.400
7.320,2.400
7.330,2.400
7.340,2.400
7.350,2.400
7.360,2.400
7.370,2.400
7.380,2.400
7.390,2.400
7.400,2.400
7.410,2.400
7.420,2.400
7.430,2.400
7.440,2.400
7.450,2.400
7.460,2.400
7.470,2.400
7.480,2.400
7.490,2.400
7.500,2.400
7.510,2.400
7.520,2.400
7.530,2.400
7.540,2.400
7.550,2.400
7.560,2.400
7.570,2.400
7.580,2.400
7.590,2.400
7.600,2.400
7.610,2.400
7.620,2.400
7.630,2.400
7.640,2.400
7.650,2.400
7.660,2.400
7.670,2.400
7.680,2.400
7.690,2.400
7.700,2.400
7.710,2.400
7.720,2.400
7.730,2.400
7.740,2.400
7.750,2.400
7.760,2.400
7.770,2.400
7.780,2.400
7.790,2.400
7.800,2.400
7.810,2.400
7.820,2.400
7.830,2.400
7.840,2.400
7.850,2.400
7.860,2.400
7.870,2.400
7.880,2.400
7.890,2.400
7.900,2.400
7.910,2.400
7.920,2.400
7.930,2.400
7.940,2.400
7.950,2.400
7.960,2.400
7.970,2.400
7.980,2.400
7.990,2.400
8.000,2.400
8.010,2.400
8.020,2.400
8.030,2.400
8.040,2.400
8.050,2.400
8.060,2.400
8.070,2.400
8.080,2.400
8.090,2.400
8.100,2.400
8.110,2.400
8.120,2.400
8.130,2.400
8.140,2.400
8.150,2.400
8.160,2.400
8.170,2.400
8.180,2.400
8.190,2.400
8.200,2.400
8.210,2.400
8.220,2.400
8.230,2.400
8.240,2.400
8.250,2.400
8.260,2.400
8.270,2.400
8.280,2.400
8.290,2.400
8.300,2.400
8.310,2.400
8.320,2.400
8.330,2.400
8.340,2.400
8.350,2.400
8.360,2.400
8.370,2.400
8.380,2.400
8.390,2.400
8.400,2.400
8.410,2.400
8.420,2.400
8.430,2.400
8.440,2.400
8.450,2.400
8.460,2.400
8.470,2.400
8.480,2.400
8.490,2.400
8.500,2.400
8.510,2.400
8.520,2.400
8.530,2.400
8.540,2.400
8.550,2.400
8.560,2.400
8.570,2.400
8.580,2.400
8.590,2.400
8.600,2.400
8.610,2.400
8.620,2.400
8.630,2.400
8.640,2.400
8.650,2.400
8.660,2.400
8.670,2.400
8.680,2.400
8.690,2.400
8.700,2.400
8.710,2.400
8.720,2.400
8.730,2.400
8.740,2.400
8.750,2.000
8.760,1.600
8.770,1.200
8.780,0.800
8.790,0.400
8.800,0.000
8.810,0.000
8.820,0.000
8.830,0.000
8.840,0.000
8.850,0.000
8.860,0.000
8.870,0.400
8.880,0.800
8.890,1.200
8.900,1.600
8.910,2.000
8.920,2.400
8.930,2.800
8.940,2.800
8.950,2.800
8.960,2.800
8.970,2.800
8.980,2.800
8.990,2.800
9.000,2.800
9.010,2.800
9.020,2.800
9.030,2.800
9.040,2.800
9.050,2.800
9.060,2.800
9.070,2.800
9.080,2.800
9.090,2.800
9.100,2.800
9.110,2.800
9.120,2.800
9.130,2.800
9.140,2.800
9.150,2.800
9.160,2.800
9.170,2.800
9.180,2.800
9.190,2.800
9.200,2.800
9.210,2.800
9.220,2.800
9.230,2.800
9.240,2.800
9.250,2.800
9.260,2.800
9.270,2.800
9.280,2.800
9.290,2.800
9.300,2.800
9.310,2.800
9.320,2.800
9.330,2.800
9.340,2.800
9.350,2.800
9.360,2.800
9.370,2.800
9.380,2.800
9.390,2.800
9.400,2.800
9.410,2.800
9.420,2.800
9.430,2.800
9.440,2.800
9.450,2.800
9.460,2.800
9.470,2.800
9.480,2.800
9.490,2.800
9.500,2.800
9.510,2.800
9.520,2.800
9.530,2.800
9.540,2.800
9.550,2.800
9.560,2.800
9.570,2.800
9.580,2.800
9.590,2.800
9.600,2.800
9.610,2.800
9.620,2.800
9.630,2.800
9.640,2.800
9.650,2.800
9.660,2.800
9.670,2.800
9.680,2.800
9.690,2.800
9.700,2.800
9.710,2.800
9.720,2.800
9.730,2.800
9.740,2.800
9.750,2.800
9.760,2.800
9.770,2.800
9.780,2.800
9.790,2.800
9.800,2.800
9.810,2.800
9.820,2.800
9.830,2.800
9.840,2.800
9.850,2.800
9.860,2.800
9.870,2.800
9.880,2.800
9.890,2.800
9.900,2.800
9.910,2.800
9.920,2.800
9.930,2.800
9.940,2.800
9.950,2.800
9.960,2.800
9.970,2.800
9.980,2.800
9.990,2.800
10.000,2.800
10.010,2.800
10.020,2.800
10.030,2.800
10.040,2.800
10.050,2.800
10.060,2.800
10.070,2.800
10.080,2.800
10.090,2.800
10.100,2.800
10.110,2.800
10.120,2.800
10.130,2.800
10.140,2.800
10.150,2.800
10.160,2.800
10.170,2.800
10.180,2.800
10.190,2.800
10.200,2.800
10.210,2.800
10.220,2.800
10.230,2.800
10.240,2.800
10.250,2.800
10.260,2.800
10.270,2.800
10.280,2.800
10.290,2.800
10.300,2.800
10.310,2.800
10.320,2.800
10.330,2.800
10.340,2.800
10.350,2.800
10.360,2.800
10.370,2.800
10.380,2.800
10.390,2.800
10.400,2.800
10.410,2.800
10.420,2.800
10.430,2.800
10.440,2.800
10.450,2.800
10.460,2.800
10.470,2.800
10.480,2.800
10.490,2.800
10.500,2.800
10.510,2.800
10.520,2.800
10.530,2.800
10.540,2.800
10.550,2.800
10.560,2.800
10.570,2.800
10.580,2.800
10.590,2.800
10.600,2.800
10.610,2.800
10.620,2.800
10.630,3.200
10.640,3.600
10.650,4.000
10.660,4.400
10.670,4.800
10.680,5.200
10.690,5.600
10.700,6.000
10.710,6.000
10.720,6.000
10.730,6.000
10.740,6.000
10.750,6.000
10.760,6.000
10.770,6.000
10.780,6.000
10.790,6.000
10.800,6.000
10.810,6.000
10.820,6.000
10.830,6.000
10.840,6.000
10.850,6.000
10.860,6.000
10.870,6.000
10.880,6.000
10.890,6.000
10.900,6.000
10.910,6.000
10.920,6.000
10.930,6.000
10.940,6.000
10.950,6.000
10.960,6.000
10.970,6.000
10.980,6.000
10.990,6.000
11.000,6.000
11.010,6.000
11.020,6.000
11.030,6.000
11.040,6.000
11.050,6.000
11.060,6.000
11.070,6.000
11.080,6.000
11.090,6.000
11.100,6.000
11.110,6.000
11.120,6.000
11.130,6.000
11.140,6.000
11.150,6.000
11.160,6.000
11.170,6.000
11.180,6.000
11.190,6.000
11.200,6.000
11.210,6.000
11.220,6.000
11.230,6.000
11.240,6.000
11.250,6.000
11.260,6.000
11.270,6.000
11.280,6.000
11.290,6.000
11.300,6.000
11.310,6.000
11.320,6.000
11.330,6.000
11.340,6.000
11.350,6.000
11.360,6.000
11.370,5.600
11.380,5.200
11.390,4.800
11.400,4.400
11.410,4.000
11.420,3.600
11.430,3.200
11.440,3.200
11.450,3.200
11.460,3.200
11.470,3.200
11.480,3.200
11.490,3.200
11.500,3.200
11.510,3.200
11.520,3.200
11.530,3.200
11.540,3.200
11.550,3.200
11.560,3.200
11.570,3.200
11.580,3.200
11.590,3.200
11.600,3.200
11.610,3.200
11.620,3.200
11.630,3.200
11.640,3.200
11.650,3.200
11.660,3.200
11.670,3.200
11.680,3.200
11.690,3.200
11.700,3.200
11.710,3.200
11.720,3.200
11.730,3.200
11.740,3.200
11.750,3.200
11.760,3.200
11.770,3.200
11.780,3.200
11.790,3.200
11.800,3.200
11.810,3.600
11.820,4.000
11.830,4.400
11.840,4.800
11.850,5.200
11.860,5.600
11.870,6.000
11.880,6.400
11.890,6.800
11.900,7.200
11.910,7.600
11.920,8.000
11.930,8.400
11.940,8.800
11.950,9.200
11.960,9.600
11.970,10.000
11.980,10.400
11.990,10.800
12.000,11.200
12.010,11.600
12.020,12.000
12.030,12.400
12.040,12.800
12.050,13.200
12.060,13.600
12.070,14.000
12.080,14.400
12.090,14.800
12.100,15.200
12.110,15.600
12.120,16.000
12.130,16.400
12.140,16.800
12.150,17.200
12.160,17.600
12.170,17.600
12.180,17.600
12.190,17.600
12.200,17.600
12.210,17.600
12.220,17.600
12.230,17.600
12.240,17.600
12.250,17.600
12.260,17.600
12.270,17.600
12.280,17.600
12.290,17.600
12.300,17.600
12.310,17.600
12.320,17.600
12.330,17.600
12.340,17.600
12.350,17.600
12.360,17.600
12.370,17.600
12.380,17.600
12.390,17.600
12.400,17.600
12.410,17.600
12.420,17.600
12.430,17.600
12.440,17.600
12.450,17.600
12.460,17.600
12.470,17.600
12.480,17.600
12.490,17.600
12.500,17.600
12.510,17.600
12.520,17.600
12.530,17.600
12.540,17.600
12.550,17.600
12.560,17.600
12.570,17.600
12.580,17.600
12.590,17.600
12.600,17.600
12.610,17.600
12.620,17.600
12.630,17.600
12.640,17.600
12.650,17.600
12.660,17.600
12.670,17.600
12.680,17.600
12.690,18.000
12.700,18.400
12.710,18.800
12.720,19.200
12.730,19.600
12.740,20.000
12.750,20.400
12.760,20.800
12.770,21.200
12.780,21.600
12.790,22.000
12.800,22.400
12.810,22.800
12.820,23.200
12.830,23.600
12.840,24.000
12.850,24.400
12.860,24.800
12.870,25.200
12.880,25.600
12.890,26.000
12.900,26.400
12.910,26.800
12.920,27.200
12.930,27.600
12.940,28.000
12.950,28.400
12.960,28.800
12.970,29.200
12.980,29.600
12.990,30.000
13.000,30.400
13.010,30.800
13.020,31.200
13.030,31.600
13.040,32.000
13.050,32.400
13.060,32.800
13.070,33.200
13.080,33.600
13.090,34.000
13.100,34.400
13.110,34.800
13.120,35.200
13.130,35.200
13.140,35.200
13.150,35.200
13.160,35.200
13.170,35.200
13.180,35.200
13.190,35.200
13.200,35.200
13.210,35.600
13.220,36.000
13.230,36.400
13.240,36.800
13.250,37.200
13.260,37.600
13.270,38.000
13.280,38.400
13.290,38.800
13.300,39.200
13.310,39.600
13.320,40.000
13.330,40.400
13.340,40.800
13.350,41.200
13.360,41.600
13.370,42.000
13.380,42.400
13.390,42.800
13.400,43.200
13.410,43.600
13.420,43.600
13.430,43.600
13.440,43.600
13.450,43.600
13.460,43.600
13.470,43.600
13.480,43.600
13.490,43.600
13.500,43.600
13.510,43.600
13.520,43.600
13.530,43.600
13.540,43.600
13.550,43.600
13.560,43.600
13.570,43.600
13.580,43.600
13.590,43.600
13.600,43.600
13.610,43.600
13.620,43.600
13.630,43.600
13.640,43.600
13.650,43.600
13.660,43.600
13.670,43.600
13.680,43.600
13.690,43.600
13.700,43.600
13.710,43.600
13.720,44.000
13.730,44.400
13.740,44.800
13.750,45.200
13.760,45.600
13.770,46.000
13.780,46.400
13.790,46.800
13.800,47.200
13.810,47.600
13.820,48.000
13.830,48.400
13.840,48.800
13.850,49.200
13.860,49.600
13.870,50.000
13.880,50.400
13.890,50.800
13.900,51.200
13.910,51.600
13.920,52.000
13.930,52.400
13.940,52.800
13.950,52.800
13.960,52.800
13.970,52.800
13.980,52.800
13.990,52.800
14.000,52.800
14.010,52.800
14.020,52.800
14.030,52.800
14.040,52.800
14.050,52.800
14.060,52.800
14.070,52.800
14.080,52.800
14.090,52.800
14.100,52.800
14.110,52.800
14.120,52.800
14.130,52.800
14.140,52.800
14.150,52.800
14.160,52.800
14.170,52.800
14.180,52.800
14.190,52.800
14.200,52.800
14.210,52.800
14.220,52.800
14.230,52.800
14.240,52.800
14.250,52.800
14.260,53.200
14.270,53.600
14.280,54.000
14.290,54.400
14.300,54.800
14.310,54.800
14.320,54.800
14.330,54.800
14.340,54.800
14.350,54.800
14.360,54.800
14.370,54.800
14.380,54.800
14.390,54.800
14.400,54.800
14.410,54.800
14.420,54.800
14.430,54.800
14.440,54.800
14.450,54.800
14.460,54.800
14.470,54.800
14.480,54.800
14.490,54.800
14.500,54.800
14.510,54.800
14.520,54.800
14.530,54.800
14.540,54.800
14.550,54.800
14.560,54.800
14.570,54.800
14.580,54.800
14.590,54.800
14.600,54.800
14.610,54.800
14.620,54.800
14.630,54.800
14.640,54.800
14.650,54.800
14.660,54.800
14.670,55.200
14.680,55.600
14.690,56.000
14.700,56.400
14.710,56.800
14.720,57.200
14.730,57.600
14.740,58.000
14.750,58.400
14.760,58.800
14.770,59.200
14.780,59.600
14.790,60.000
14.800,60.400
14.810,60.800
14.820,61.200
14.830,61.600
14.840,62.000
14.850,62.400
14.860,62.800
14.870,63.200
14.880,63.600
14.890,64.000
14.900,64.400
14.910,64.800
14.920,65.200
14.930,65.600
14.940,66.000
14.950,66.400
14.960,66.800
14.970,67.200
14.980,67.600
14.990,68.000
15.000,68.400
15.010,68.800
15.020,69.200
15.030,69.600
15.040,70.000
15.050,70.400
15.060,70.800
15.070,71.200
15.080,71.600
15.090,72.000
15.100,72.400
15.110,72.800
15.120,73.200
15.130,73.600
15.140,74.000
15.150,74.400
15.160,74.800
15.170,75.200
15.180,75.600
15.190,75.600
15.200,75.600
15.210,75.600
15.220,75.600
15.230,75.600
15.240,75.600
15.250,75.600
15.260,75.600
15.270,75.600
15.280,75.600
15.290,75.600
15.300,75.600
15.310,75.600
15.320,75.600
15.330,75.600
15.340,75.600
15.350,75.600
15.360,75.600
15.370,75.600
15.380,75.600
15.390,75.600
15.400,75.600
15.410,75.600
15.420,75.600
15.430,75.600
15.440,75.600
15.450,75.600
15.460,75.600
15.470,75.600
15.480,75.600
15.490,75.600
15.500,75.600
15.510,75.600
15.520,75.600
15.530,75.600
15.540,75.600
15.550,75.600
15.560,75.600
15.570,75.600
15.580,75.600
15.590,75.600
15.600,75.600
15.610,75.600
15.620,75.600
15.630,75.600
15.640,75.600
15.650,75.600
15.660,75.600
15.670,75.600
15.680,75.600
15.690,75.600
15.700,75.600
15.710,75.600
15.720,75.600
15.730,75.600
15.740,75.600
15.750,75.600
15.760,75.600
15.770,75.600
15.780,75.600
15.790,75.600
15.800,75.600
15.810,75.600
15.820,75.600
15.830,75.600
15.840,75.600
15.850,75.600
15.860,75.600
15.870,75.600
15.880,75.600
15.890,75.600
15.900,75.600
15.910,75.600
15.920,76.000
15.930,76.400
15.940,76.800
15.950,76.800
15.960,76.800
15.970,76.800
15.980,76.800
15.990,76.800
16.000,76.800
16.010,76.800
16.020,76.800
16.030,76.800
16.040,76.800
16.050,76.800
16.060,76.800
16.070,76.800
16.080,76.800
16.090,76.800
16.100,76.800
16.110,76.800
16.120,76.800
16.130,76.800
16.140,76.800
16.150,76.800
16.160,76.800
16.170,76.800
16.180,76.800
16.190,76.800
16.200,76.800
16.210,76.800
16.220,76.400
16.230,76.000
16.240,75.600
16.250,75.200
16.260,75.200
16.270,75.200
16.280,75.200
16.290,75.200
16.300,75.200
16.310,75.200
16.320,75.200
16.330,75.200
16.340,75.200
16.350,75.200
16.360,75.200
16.370,75.200
16.380,75.200
16.390,75.200
16.400,75.200
16.410,75.200
16.420,75.200
16.430,75.200
16.440,75.200
16.450,75.600
16.460,76.000
16.470,76.400
16.480,76.800
16.490,77.200
16.500,77.600
16.510,78.000
16.520,78.400
16.530,78.800
16.540,79.200
16.550,79.600
16.560,80.000
16.570,80.400
16.580,80.800
16.590,81.200
16.600,81.600
16.610,82.000
16.620,82.400
16.630,82.800
16.640,83.200
16.650,83.600
16.660,84.000
16.670,84.000
16.680,84.000
16.690,84.000
16.700,84.000
16.710,84.000
16.720,84.000
16.730,84.000
16.740,84.000
16.750,84.000
16.760,83.600
16.770,83.200
16.780,82.800
16.790,82.400
16.800,82.000
16.810,81.600
16.820,81.200
16.830,80.800
16.840,80.400
16.850,80.000
16.860,79.600
16.870,79.200
16.880,78.800
16.890,78.400
16.900,78.000
16.910,77.600
16.920,77.200
16.930,76.800
16.940,76.400
16.950,76.000
16.960,75.600
16.970,75.200
16.980,74.800
16.990,74.400
17.000,74.000
17.010,73.600
17.020,73.200
17.030,72.800
17.040,72.400
17.050,72.000
17.060,71.600
17.070,71.200
17.080,70.800
17.090,70.400
17.100,70.000
17.110,69.600
17.120,69.200
17.130,68.800
17.140,68.400
17.150,68.000
17.160,67.600
17.170,67.200
17.180,66.800
17.190,66.400
17.200,66.000
17.210,65.600
17.220,65.200
17.230,64.800
17.240,64.400
17.250,64.000
17.260,63.600
17.270,63.200
17.280,62.800
17.290,62.400
17.300,62.000
17.310,61.600
17.320,61.200
17.330,60.800
17.340,60.400
17.350,60.000
17.360,59.600
17.370,59.200
17.380,58.800
17.390,58.400
17.400,58.000
17.410,57.600
17.420,57.200
17.430,56.800
17.440,56.400
17.450,56.000
17.460,55.600
17.470,55.200
17.480,54.800
17.490,54.400
17.500,54.000
17.510,53.600
17.520,53.200
17.530,52.800
17.540,52.400
17.550,52.000
17.560,51.600
17.570,51.200
17.580,50.800
17.590,50.400
17.600,50.000
17.610,49.600
17.620,49.200
17.630,48.800
17.640,48.400
17.650,48.000
17.660,47.600
17.670,47.200
17.680,46.800
17.690,46.400
17.700,46.000
17.710,45.600
17.720,45.200
17.730,44.800
17.740,44.400
17.750,44.000
17.760,43.600
17.770,43.200
17.780,42.800
17.790,42.400
17.800,42.000
17.810,41.600
17.820,41.200
17.830,40.800
17.840,40.400
17.850,40.000
17.860,39.600
17.870,39.200
17.880,38.800
17.890,38.400
17.900,38.000
17.910,37.600
17.920,37.200
17.930,36.800
17.940,36.400
17.950,36.000
17.960,35.600
17.970,35.200
17.980,34.800
17.990,34.400
18.000,34.000
18.010,33.600
18.020,33.200
18.030,32.800
18.040,32.400
18.050,32.000
18.060,31.600
18.070,31.200
18.080,30.800
18.090,30.400
18.100,30.000
18.110,29.600
18.120,29.200
18.130,28.800
18.140,28.400
18.150,28.000
18.160,27.600
18.170,27.200
18.180,26.800
18.190,26.400
18.200,26.000
18.210,25.600
18.220,25.200
18.230,24.800
18.240,24.400
18.250,24.000
18.260,23.600
18.270,23.200
18.280,22.800
18.290,22.400
18.300,22.000
18.310,21.600
18.320,21.200
18.330,20.800
18.340,20.400
18.350,20.000
18.360,19.600
18.370,19.200
18.380,18.800
18.390,18.400
18.400,18.000
18.410,17.600
18.420,17.200
18.430,16.800
18.440,16.400
18.450,16.400
18.460,16.400
18.470,16.400
18.480,16.400
18.490,16.400
18.500,16.400
18.510,16.400
18.520,16.400
18.530,16.400
18.540,16.400
18.550,16.400
18.560,16.800
18.570,17.200
18.580,17.600
18.590,18.000
18.600,18.400
18.610,18.800
18.620,18.800
18.630,18.800
18.640,18.800
18.650,18.800
18.660,18.800
18.670,18.800
18.680,18.800
18.690,18.800
18.700,18.800
18.710,18.800
18.720,18.800
18.730,18.800
18.740,18.800
18.750,18.800
18.760,18.400
18.770,18.000
18.780,17.600
18.790,17.200
18.800,16.800
18.810,16.400
18.820,16.000
18.830,15.600
18.840,15.200
18.850,14.800
18.860,14.400
18.870,14.000
18.880,13.600
18.890,13.200
18.900,12.800
18.910,12.400
18.920,12.000
18.930,11.600
18.940,11.200
18.950,10.800
18.960,10.400
18.970,10.000
18.980,9.600
18.990,9.200
19.000,8.800
19.010,8.400
19.020,8.000
19.030,7.600
19.040,7.200
19.050,6.800
19.060,6.400
19.070,6.000
19.080,5.600
19.090,5.200
19.100,4.800
19.110,4.400
19.120,4.000
19.130,3.600
19.140,3.200
19.150,2.800
19.160,2.400
19.170,2.400
19.180,2.400
19.190,2.400
19.200,2.400
19.210,2.400
19.220,2.400
19.230,2.400
19.240,2.400
19.250,2.400
19.260,2.400
19.270,2.400
19.280,2.400
19.290,2.400
19.300,2.400
19.310,2.400
19.320,2.400
19.330,2.400
19.340,2.400
19.350,2.400
19.360,2.400
19.370,2.400
19.380,2.400
19.390,2.400
19.400,2.400
19.410,2.400
19.420,2.400
19.430,2.400
19.440,2.400
19.450,2.400
19.460,2.400
19.470,2.400
19.480,2.400
19.490,2.400
19.500,2.400
19.510,2.400
19.520,2.400
19.530,2.400
19.540,2.400
19.550,2.400
19.560,2.400
19.570,2.400
19.580,2.400
19.590,2.400
19.600,2.400
19.610,2.400
19.620,2.400
19.630,2.400
19.640,2.400
19.650,2.400
19.660,2.400
19.670,2.400
19.680,2.400
19.690,2.400
19.700,2.400
19.710,2.400
19.720,2.400
19.730,2.400
19.740,2.400
19.750,2.400
19.760,2.400
19.770,2.400
19.780,2.400
19.790,2.400
19.800,2.400
19.810,2.400
19.820,2.400
19.830,2.400
19.840,2.400
19.850,2.400
19.860,2.400
19.870,2.400
19.880,2.400
19.890,2.400
19.900,2.400
19.910,2.400
19.920,2.400
19.930,2.800
19.940,3.200
19.950,3.600
19.960,4.000
19.970,4.400
19.980,4.800
19.990,5.200
20.000,5.200
20.010,5.200
20.020,5.200
20.030,5.200
20.040,5.200
20.050,5.200
20.060,5.200
20.070,5.200
20.080,5.200
20.090,5.200
20.100,5.200
20.110,5.200
20.120,5.200
20.130,5.200
20.140,5.200
20.150,5.200
20.160,5.200
20.170,5.200
20.180,5.200
20.190,5.200
20.200,5.200
20.210,5.200
20.220,5.200
20.230,5.200
20.240,5.200
20.250,5.200
20.260,5.200
20.270,5.200
20.280,5.200
20.290,5.200
20.300,5.200
20.310,5.200
20.320,5.200
20.330,5.200
20.340,5.200
20.350,5.200
20.360,5.200
20.370,5.200
20.380,5.200
20.390,5.200
20.400,5.200
20.410,5.200
20.420,5.200
20.430,5.200
20.440,5.200
20.450,5.200
20.460,5.200
20.470,5.200
20.480,5.200
20.490,5.200
20.500,5.200
20.510,5.200
20.520,5.200
20.530,5.200
20.540,5.200
20.550,5.200
20.560,5.200
20.570,5.200
20.580,5.200
20.590,5.200
20.600,5.200
20.610,5.200
20.620,5.200
20.630,5.200
20.640,5.200
20.650,5.200
20.660,5.200
20.670,5.200
20.680,5.200
20.690,5.200
20.700,5.200
20.710,5.200
20.720,5.200
20.730,5.200
20.740,5.200
20.750,5.200
20.760,5.200
20.770,5.200
20.780,5.200
20.790,5.200
20.800,5.200
20.810,5.200
20.820,5.200
20.830,5.200
20.840,5.200
20.850,5.200
20.860,5.200
20.870,5.200
20.880,5.200
20.890,5.200
20.900,5.200
20.910,5.200
20.920,5.200
20.930,5.200
20.940,5.200
20.950,5.200
20.960,5.200
20.970,5.200
20.980,5.200
20.990,5.200
21.000,5.200
21.010,5.200
21.020,5.200
21.030,5.200
21.040,5.200
21.050,5.200
21.060,4.800
21.070,4.400
21.080,4.000
21.090,3.600
21.100,3.200
21.110,2.800
21.120,2.800
21.130,2.800
21.140,2.800
21.150,2.800
21.160,2.800
21.170,2.800
21.180,2.800
21.190,2.800
21.200,2.800
21.210,2.800
21.220,2.800
21.230,2.800
21.240,2.800
21.250,2.800
21.260,2.800
21.270,2.800
21.280,2.800
21.290,2.800
21.300,2.800
21.310,2.800
21.320,2.800
21.330,2.800
21.340,2.800
21.350,2.800
21.360,2.800
21.370,2.800
21.380,3.200
21.390,3.600
21.400,4.000
21.410,4.400
21.420,4.800
21.430,5.200
21.440,5.200
21.450,5.200
21.460,5.200
21.470,5.200
21.480,5.200
21.490,5.200
21.500,5.200
21.510,5.200
21.520,5.200
21.530,5.200
21.540,5.200
21.550,5.200
21.560,5.200
21.570,5.200
21.580,5.200
21.590,5.200
21.600,5.200
21.610,5.200
21.620,5.200
21.630,5.200
21.640,5.200
21.650,5.200
21.660,5.200
21.670,5.600
21.680,6.000
21.690,6.400
21.700,6.800
21.710,7.200
21.720,7.600
21.730,8.000
21.740,8.000
21.750,8.000
21.760,8.000
21.770,8.000
21.780,8.000
21.790,8.000
21.800,8.000
21.810,8.000
21.820,8.000
21.830,8.000
21.840,8.000
21.850,8.000
21.860,8.000
21.870,8.000
21.880,8.000
21.890,8.000
21.900,8.000
21.910,8.000
21.920,8.000
21.930,8.000
21.940,8.000
21.950,8.000
21.960,8.000
21.970,8.000
21.980,8.000
21.990,8.000
22.000,8.000
22.010,8.000
22.020,8.000
22.030,8.000
22.040,8.000
22.050,8.000
22.060,8.000
22.070,8.000
22.080,8.000
22.090,8.000
22.100,8.000
22.110,8.000
22.120,8.000
22.130,8.000
22.140,8.400
22.150,8.800
22.160,9.200
22.170,9.600
22.180,10.000
22.190,10.400
22.200,10.800
22.210,11.200
22.220,11.600
22.230,12.000
22.240,12.400
22.250,12.800
22.260,13.200
22.270,13.600
22.280,14.000
22.290,14.400
22.300,14.800
22.310,15.200
22.320,15.600
22.330,16.000
22.340,16.400
22.350,16.800
22.360,17.200
22.370,17.600
22.380,18.000
22.390,18.400
22.400,18.800
22.410,19.200
22.420,19.600
22.430,19.600
22.440,19.600
22.450,19.600
22.460,19.600
22.470,19.600
22.480,19.600
22.490,19.600
22.500,20.000
22.510,20.400
22.520,20.800
22.530,21.200
22.540,21.600
22.550,22.000
22.560,22.400
22.570,22.800
22.580,23.200
22.590,23.600
22.600,24.000
22.610,24.400
22.620,24.800
22.630,25.200
22.640,25.600
22.650,26.000
22.660,26.400
22.670,26.800
22.680,27.200
22.690,27.600
22.700,28.000
22.710,28.400
22.720,28.800
22.730,29.200
22.740,29.600
22.750,30.000
22.760,30.400
22.770,30.800
22.780,31.200
22.790,31.200
22.800,31.200
22.810,31.200
22.820,31.200
22.830,31.200
22.840,31.200
22.850,31.200
22.860,31.200
22.870,31.200
22.880,31.200
22.890,31.200
22.900,31.200
22.910,31.200
22.920,31.200
22.930,31.600
22.940,32.000
22.950,32.400
22.960,32.800
22.970,33.200
22.980,33.600
22.990,33.600
23.000,33.600
23.010,33.600
23.020,33.600
23.030,33.600
23.040,33.600
23.050,33.600
23.060,33.600
23.070,33.600
23.080,33.600
23.090,33.600
23.100,33.600
23.110,33.600
23.120,33.600
23.130,33.600
23.140,33.600
23.150,33.600
23.160,33.600
23.170,33.600
23.180,33.600
23.190,33.600
23.200,33.600
23.210,33.600
23.220,33.600
23.230,33.600
23.240,33.600
23.250,33.600
23.260,33.600
23.270,33.600
23.280,33.600
23.290,33.600
23.300,33.600
23.310,33.600
23.320,33.600
23.330,33.600
23.340,33.600
23.350,33.600
23.360,33.600
23.370,33.600
23.380,33.600
23.390,33.600
23.400,33.600
23.410,33.600
23.420,33.600
23.430,33.600
23.440,33.600
23.450,33.600
23.460,33.600
23.470,33.600
23.480,33.600
23.490,33.600
23.500,33.600
23.510,33.600
23.520,33.600
23.530,33.600
23.540,33.600
23.550,33.600
23.560,33.600
23.570,33.600
23.580,33.600
23.590,33.600
23.600,33.600
23.610,33.600
23.620,33.600
23.630,33.600
23.640,33.600
23.650,33.600
23.660,33.600
23.670,33.600
23.680,33.600
23.690,33.600
23.700,33.600
23.710,33.600
23.720,33.600
23.730,33.600
23.740,33.600
23.750,33.600
23.760,33.600
23.770,33.600
23.780,33.600
23.790,33.600
23.800,33.600
23.810,33.600
23.820,33.600
23.830,33.600
23.840,33.600
23.850,33.600
23.860,33.600
23.870,33.600
23.880,33.200
23.890,32.800
23.900,32.400
23.910,32.000
23.920,31.600
23.930,31.200
23.940,31.200
23.950,31.200
23.960,31.200
23.970,31.200
23.980,31.200
23.990,31.200
24.000,31.200
24.010,31.200
24.020,31.200
24.030,31.200
24.040,31.200
24.050,31.200
24.060,31.200
24.070,31.200
24.080,31.200
24.090,31.200
24.100,31.200
24.110,31.200
24.120,31.200
24.130,31.200
24.140,31.200
24.150,31.200
24.160,31.200
24.170,30.800
24.180,30.400
24.190,30.000
24.200,29.600
24.210,29.200
24.220,28.800
24.230,28.400
24.240,28.400
24.250,28.400
24.260,28.400
24.270,28.400
24.280,28.400
24.290,28.400
24.300,28.400
24.310,28.400
24.320,28.400
24.330,28.400
24.340,28.400
24.350,28.400
24.360,28.400
24.370,28.400
24.380,28.400
24.390,28.400
24.400,28.400
24.410,28.400
24.420,28.400
24.430,28.400
24.440,28.400
24.450,28.400
24.460,28.400
24.470,28.400
24.480,28.400
24.490,28.400
24.500,28.400
24.510,28.400
24.520,28.400
24.530,28.400
24.540,28.400
24.550,28.400
24.560,28.400
24.570,28.400
24.580,28.400
24.590,28.400
24.600,28.400
24.610,28.400
24.620,28.400
24.630,28.400
24.640,28.000
24.650,27.600
24.660,27.200
24.670,26.800
24.680,26.400
24.690,26.000
24.700,25.600
24.710,25.200
24.720,24.800
24.730,24.400
24.740,24.000
24.750,23.600
24.760,23.200
24.770,22.800
24.780,22.400
24.790,22.000
24.800,21.600
24.810,21.200
24.820,20.800
24.830,20.400
24.840,20.000
24.850,19.600
24.860,19.200
24.870,18.800
24.880,18.400
24.890,18.000
24.900,17.600
24.910,17.200
24.920,16.800
24.930,16.400
24.940,16.000
24.950,15.600
24.960,15.200
24.970,14.800
24.980,14.400
24.990,14.000
25.000,13.600
